<?xml version="1.0" encoding="UTF-8"?>
<project-private xmlns="http://www.netbeans.org/ns/project-private/1">
    <editor-bookmarks xmlns="http://www.netbeans.org/ns/editor-bookmarks/2" lastBookmarkId="0"/>
    <open-files xmlns="http://www.netbeans.org/ns/projectui-open-files/2">
        <group>
            <file>file:/C:/Users/INT303/Documents/NetBeansProjects/MyFirstWebApp/web/ShowCart.jsp</file>
            <file>file:/C:/Users/INT303/Documents/NetBeansProjects/MyFirstWebApp/src/java/sit/int303/first/model/LineItem.java</file>
            <file>file:/C:/Users/INT303/Documents/NetBeansProjects/MyFirstWebApp/src/java/sit/int303/first/model/ShoppingCart.java</file>
            <file>file:/C:/Users/INT303/Documents/NetBeansProjects/MyFirstWebApp/src/java/sit/int303/first/servlet/ShowCartServlet.java</file>
        </group>
    </open-files>
</project-private>
